{
  "traditional_bollinger": {
    "strategy": "traditional_bollinger",
    "total_trades": 83,
    "winning_trades": 51,
    "losing_trades": 32,
    "win_rate": 61.44578313253012,
    "total_profit": 8.799999999999999,
    "roi": 0.8799999999999999,
    "max_drawdown": 0.7118845165117718,
    "sharpe_ratio": 0.12101803303048239,
    "max_consecutive_wins": 9,
    "max_consecutive_losses": 7,
    "avg_confidence": 0.75,
    "profit_factor": 1.2749999999999997,
    "final_balance": 1008.8
  },
  "traditional_macd": {
    "strategy": "traditional_macd",
    "total_trades": 68,
    "winning_trades": 40,
    "losing_trades": 28,
    "win_rate": 58.82352941176471,
    "total_profit": 3.9999999999999982,
    "roi": 0.39999999999999986,
    "max_drawdown": 0.29797377830750943,
    "sharpe_ratio": 0.0664015894074663,
    "max_consecutive_wins": 5,
    "max_consecutive_losses": 3,
    "avg_confidence": 0.7000000000000002,
    "profit_factor": 1.1428571428571428,
    "final_balance": 1004.0
  },
  "ml_enhanced": {
    "strategy": "ml_enhanced",
    "total_trades": 750,
    "winning_trades": 437,
    "losing_trades": 313,
    "win_rate": 58.266666666666666,
    "total_profit": 36.599999999999994,
    "roi": 3.6599999999999993,
    "max_drawdown": 3.1980811513095784,
    "sharpe_ratio": 0.054978855269618834,
    "max_consecutive_wins": 18,
    "max_consecutive_losses": 7,
    "avg_confidence": 0.93205887111758,
    "profit_factor": 1.1169329073482428,
    "final_balance": 1036.6
  },
  "adaptive_ml": {
    "strategy": "adaptive_ml",
    "total_trades": 750,
    "winning_trades": 437,
    "losing_trades": 313,
    "win_rate": 58.266666666666666,
    "total_profit": 36.599999999999994,
    "roi": 3.6599999999999993,
    "max_drawdown": 3.1980811513095784,
    "sharpe_ratio": 0.054978855269618834,
    "max_consecutive_wins": 18,
    "max_consecutive_losses": 7,
    "avg_confidence": 0.9455701407422388,
    "profit_factor": 1.1169329073482428,
    "final_balance": 1036.6
  }
}